{
    "epoch": 2.0,
    "eval_loss": 0.9256919026374817,
    "eval_runtime": 39.5244,
    "eval_samples_per_second": 11.512,
    "eval_steps_per_second": 11.512,
    "total_flos": 3.146827806876795e+17,
    "train_loss": 0.43702443970574273,
    "train_runtime": 2700.6786,
    "train_samples_per_second": 6.395,
    "train_steps_per_second": 0.4
}