{
    "epoch": 1.501313320825516,
    "eval_loss": 0.9989964962005615,
    "eval_runtime": 25.2244,
    "eval_samples_per_second": 11.14,
    "eval_steps_per_second": 11.14
}